OrderID,CustomerID,OrderDate,ProductType,OrderValue
ORDER00593,CUST0175,2025-03-12,Business Card,9.6
ORDER00414,CUST0236,2025-12-29,Business Card,9.61
ORDER00299,CUST0181,2025-01-06,Business Card,9.63
ORDER00970,CUST0170,2025-09-30,Business Card,9.66
ORDER00147,CUST0179,2025-06-24,Business Card,9.66
ORDER00616,CUST0072,2025-04-13,Business Card,9.73
ORDER00927,CUST0141,2025-02-18,Business Card,9.74
ORDER00651,CUST0217,2025-05-08,Business Card,9.83
ORDER00057,CUST0198,2025-01-30,Business Card,9.84
ORDER00432,CUST0293,2025-03-24,Business Card,9.85
ORDER00604,CUST0257,2025-07-10,Business Card,9.88
ORDER00015,CUST0038,2025-03-31,Business Card,9.91
ORDER00132,CUST0137,2025-10-24,Business Card,9.92
ORDER00810,CUST0130,2025-05-02,Business Card,9.96
ORDER00949,CUST0159,2025-11-03,Business Card,9.97
ORDER00863,CUST0287,2025-02-28,Business Card,10.0
ORDER00099,CUST0148,2025-10-09,Business Card,10.04
ORDER00714,CUST0173,2025-08-29,Business Card,10.07
ORDER00171,CUST0215,2025-03-07,Business Card,10.11
ORDER00934,CUST0156,2025-02-08,Business Card,10.14
ORDER00791,CUST0257,2025-08-20,Business Card,10.16
ORDER00988,CUST0069,2025-11-19,Business Card,10.18
ORDER00716,CUST0119,2025-09-07,Business Card,10.19
ORDER00429,CUST0073,2025-02-13,Business Card,10.2
ORDER00817,CUST0035,2025-12-22,Business Card,10.29
ORDER00196,CUST0055,2025-02-20,Business Card,10.33
ORDER00595,CUST0022,2025-06-02,Business Card,10.34
ORDER00078,CUST0294,2025-06-02,Business Card,10.39
ORDER00512,CUST0168,2025-09-18,Business Card,10.39
ORDER00215,CUST0288,2025-03-09,Business Card,10.39
ORDER00025,CUST0060,2025-09-09,Business Card,10.42
ORDER00397,CUST0210,2025-05-04,Business Card,10.48
ORDER00786,CUST0118,2025-01-13,Business Card,10.59
ORDER00841,CUST0126,2025-12-20,Business Card,10.62
ORDER00723,CUST0037,2025-08-15,Business Card,10.62
ORDER00140,CUST0090,2025-10-17,Business Card,10.69
ORDER00619,CUST0093,2025-10-30,Business Card,10.7
ORDER00174,CUST0158,2025-05-08,Business Card,10.7
ORDER00204,CUST0239,2025-01-19,Business Card,10.79
ORDER00947,CUST0074,2025-01-08,Business Card,10.82
ORDER00640,CUST0072,2025-04-21,Business Card,10.83
ORDER00095,CUST0282,2025-01-03,Business Card,10.83
ORDER00402,CUST0170,2025-09-09,Business Card,10.89
ORDER00508,CUST0289,2025-12-02,Business Card,10.93
ORDER00066,CUST0231,2025-02-13,Business Card,10.93
ORDER00068,CUST0038,2025-09-05,Business Card,10.97
ORDER00971,CUST0072,2025-03-13,Business Card,11.02
ORDER00085,CUST0136,2025-10-03,Business Card,11.02
ORDER00641,CUST0064,2025-03-20,Business Card,11.02
ORDER00250,CUST0215,2025-12-08,Business Card,11.05
ORDER00527,CUST0045,2025-01-28,Business Card,11.05
ORDER00675,CUST0154,2025-08-31,Business Card,11.09
ORDER00571,CUST0204,2025-01-14,Business Card,11.09
ORDER00760,CUST0282,2025-07-17,Business Card,11.12
ORDER00104,CUST0200,2025-01-19,Business Card,11.14
ORDER00628,CUST0046,2025-01-08,Business Card,11.17
ORDER00997,CUST0293,2025-08-19,Business Card,11.21
ORDER00884,CUST0102,2025-12-25,Business Card,11.3
ORDER00645,CUST0277,2025-12-27,Business Card,11.35
ORDER00148,CUST0182,2025-03-22,Business Card,11.38
ORDER00889,CUST0089,2025-06-03,Business Card,11.39
ORDER00385,CUST0159,2025-09-16,Business Card,11.41
ORDER00160,CUST0049,2025-04-18,Business Card,11.42
ORDER00591,CUST0288,2025-06-10,Business Card,11.53
ORDER00358,CUST0198,2025-09-18,Business Card,11.53
ORDER00181,CUST0078,2025-10-24,Business Card,11.59
ORDER00627,CUST0024,2025-08-18,Business Card,11.65
ORDER00003,CUST0178,2025-07-28,Business Card,11.66
ORDER00822,CUST0179,2025-06-27,Business Card,11.67
ORDER00062,CUST0015,2025-12-19,Business Card,11.7
ORDER00254,CUST0115,2025-07-24,Business Card,11.72
ORDER00261,CUST0201,2025-10-11,Business Card,11.73
ORDER00941,CUST0002,2025-10-30,Business Card,11.74
ORDER00124,CUST0267,2025-12-04,Business Card,11.75
ORDER00052,CUST0145,2025-06-29,Business Card,11.75
ORDER00800,CUST0107,2025-04-14,Business Card,11.76
ORDER00345,CUST0012,2025-05-06,Business Card,11.78
ORDER00555,CUST0037,2025-11-12,Business Card,11.8
ORDER00226,CUST0112,2025-07-12,Business Card,11.81
ORDER00021,CUST0076,2025-08-20,Business Card,11.83
ORDER00372,CUST0086,2025-04-24,Business Card,11.84
ORDER00130,CUST0055,2025-06-05,Business Card,11.84
ORDER00491,CUST0038,2025-06-10,Business Card,11.87
ORDER00037,CUST0089,2025-12-20,Business Card,11.87
ORDER00049,CUST0063,2025-01-27,Business Card,11.87
ORDER00201,CUST0255,2025-02-20,Business Card,11.89
ORDER00323,CUST0148,2025-09-12,Business Card,11.9
ORDER00750,CUST0186,2025-04-13,Business Card,11.91
ORDER00732,CUST0159,2025-01-01,Business Card,11.92
ORDER00976,CUST0293,2025-09-30,Business Card,11.95
ORDER00251,CUST0128,2025-10-03,Business Card,11.96
ORDER00867,CUST0090,2025-10-15,Business Card,12.06
ORDER00935,CUST0291,2025-11-05,Business Card,12.08
ORDER00812,CUST0020,2025-07-30,Business Card,12.08
ORDER00809,CUST0251,2025-03-17,Business Card,12.09
ORDER00151,CUST0180,2025-12-05,Business Card,12.12
ORDER00288,CUST0168,2025-02-19,Business Card,12.14
ORDER00916,CUST0043,2025-03-24,Business Card,12.17
ORDER00518,CUST0045,2025-08-11,Business Card,12.19
ORDER00747,CUST0262,2025-07-16,Business Card,12.2
ORDER00851,CUST0193,2025-06-20,Business Card,12.2
ORDER00535,CUST0258,2025-02-21,Business Card,12.22
ORDER00730,CUST0207,2025-10-06,Business Card,12.24
ORDER00743,CUST0250,2025-05-15,Business Card,12.28
ORDER00262,CUST0246,2025-02-19,Business Card,12.49
ORDER00490,CUST0124,2025-04-28,Business Card,12.5
ORDER00811,CUST0293,2025-09-25,Business Card,12.51
ORDER00483,CUST0226,2025-11-22,Business Card,12.51
ORDER00840,CUST0151,2025-03-01,Business Card,12.54
ORDER00700,CUST0003,2025-12-10,Business Card,12.62
ORDER00404,CUST0251,2025-10-07,Business Card,12.64
ORDER00549,CUST0163,2025-03-30,Business Card,12.66
ORDER00827,CUST0242,2025-10-01,Business Card,12.68
ORDER00474,CUST0089,2025-05-22,Business Card,12.68
ORDER00499,CUST0114,2025-08-06,Business Card,12.69
ORDER00108,CUST0104,2025-06-18,Business Card,12.7
ORDER00423,CUST0142,2025-10-20,Business Card,12.71
ORDER00547,CUST0223,2025-02-03,Business Card,12.76
ORDER00007,CUST0172,2025-11-20,Business Card,12.76
ORDER00098,CUST0069,2025-11-08,Business Card,12.78
ORDER00872,CUST0161,2025-10-02,Business Card,12.82
ORDER00542,CUST0046,2025-05-10,Business Card,12.84
ORDER00241,CUST0222,2025-03-27,Business Card,12.87
ORDER00745,CUST0228,2025-03-12,Business Card,12.99
ORDER00625,CUST0199,2025-08-27,Business Card,13.05
ORDER00357,CUST0215,2025-12-27,Business Card,13.06
ORDER00667,CUST0202,2025-07-09,Business Card,13.07
ORDER00258,CUST0040,2025-07-20,Business Card,13.08
ORDER00517,CUST0269,2025-12-13,Business Card,13.08
ORDER00227,CUST0036,2025-08-20,Business Card,13.11
ORDER00938,CUST0106,2025-09-15,Business Card,13.18
ORDER00998,CUST0143,2025-03-18,Business Card,13.2
ORDER00425,CUST0146,2025-09-03,Business Card,13.22
ORDER00144,CUST0017,2025-02-03,Business Card,13.24
ORDER00576,CUST0029,2025-12-21,Business Card,13.27
ORDER00981,CUST0100,2025-03-12,Business Card,13.39
ORDER00028,CUST0270,2025-06-23,Business Card,13.39
ORDER00424,CUST0158,2025-09-06,Business Card,13.42
ORDER00715,CUST0221,2025-11-09,Business Card,13.46
ORDER00942,CUST0077,2025-06-16,Business Card,13.47
ORDER00128,CUST0182,2025-07-14,Business Card,13.48
ORDER00953,CUST0036,2025-10-15,Business Card,13.48
ORDER00514,CUST0059,2025-04-16,Business Card,13.49
ORDER00377,CUST0137,2025-10-20,Business Card,13.57
ORDER00962,CUST0214,2025-06-16,Business Card,13.58
ORDER00058,CUST0134,2025-07-21,Business Card,13.6
ORDER00914,CUST0228,2025-08-26,Business Card,13.6
ORDER00446,CUST0063,2025-03-01,Business Card,13.62
ORDER00168,CUST0257,2025-10-05,Business Card,13.64
ORDER00908,CUST0154,2025-05-20,Business Card,13.73
ORDER00089,CUST0173,2025-07-09,Business Card,13.74
ORDER00409,CUST0096,2025-07-28,Business Card,13.76
ORDER00421,CUST0177,2025-10-15,Business Card,13.77
ORDER00950,CUST0071,2025-10-15,Business Card,13.79
ORDER00455,CUST0261,2025-06-24,Business Card,13.81
ORDER00647,CUST0095,2025-09-12,Business Card,13.82
ORDER00987,CUST0242,2025-06-12,Business Card,13.83
ORDER00360,CUST0025,2025-04-22,Business Card,13.83
ORDER00637,CUST0166,2025-11-18,Business Card,13.87
ORDER00146,CUST0251,2025-06-18,Business Card,13.87
ORDER00592,CUST0130,2025-03-01,Business Card,13.89
ORDER00370,CUST0199,2025-08-25,Business Card,13.9
ORDER00487,CUST0025,2025-09-20,Business Card,13.92
ORDER00452,CUST0259,2025-02-25,Business Card,13.95
ORDER00256,CUST0014,2025-08-24,Business Card,14.01
ORDER00933,CUST0239,2025-12-11,Business Card,14.04
ORDER00077,CUST0118,2025-07-28,Business Card,14.06
ORDER00533,CUST0039,2025-05-14,Business Card,14.06
ORDER00428,CUST0193,2025-03-03,Business Card,14.07
ORDER00245,CUST0081,2025-03-27,Business Card,14.16
ORDER00575,CUST0007,2025-06-10,Business Card,14.21
ORDER00567,CUST0270,2025-11-18,Business Card,14.24
ORDER00173,CUST0032,2025-06-18,Business Card,14.27
ORDER00710,CUST0122,2025-07-10,Business Card,14.27
ORDER00175,CUST0285,2025-06-12,Business Card,14.29
ORDER00767,CUST0002,2025-04-02,Business Card,14.31
ORDER00899,CUST0102,2025-10-28,Business Card,14.34
ORDER00544,CUST0113,2025-04-25,Business Card,14.38
ORDER00316,CUST0152,2025-08-09,Canvas Print,32.1
ORDER00881,CUST0098,2025-05-25,Canvas Print,32.25
ORDER00310,CUST0295,2025-04-06,Canvas Print,32.39
ORDER00043,CUST0104,2025-09-02,Canvas Print,32.64
ORDER00389,CUST0098,2025-01-30,Canvas Print,32.68
ORDER00437,CUST0062,2025-12-27,Canvas Print,32.69
ORDER00065,CUST0289,2025-12-23,Canvas Print,32.71
ORDER00155,CUST0285,2025-05-05,Canvas Print,32.72
ORDER00658,CUST0041,2025-04-21,Canvas Print,32.73
ORDER00877,CUST0073,2025-02-20,Canvas Print,32.8
ORDER00673,CUST0077,2025-12-16,Canvas Print,32.83
ORDER00136,CUST0291,2025-10-11,Canvas Print,33.24
ORDER00125,CUST0257,2025-06-14,Canvas Print,33.35
ORDER00436,CUST0011,2025-01-30,Canvas Print,33.37
ORDER00293,CUST0190,2025-05-12,Canvas Print,33.44
ORDER00602,CUST0262,2025-11-08,Canvas Print,33.45
ORDER00145,CUST0128,2025-06-09,Canvas Print,33.58
ORDER00442,CUST0260,2025-08-05,Canvas Print,33.6
ORDER00165,CUST0063,2025-11-27,Canvas Print,33.62
ORDER00365,CUST0026,2025-03-30,Canvas Print,33.64
ORDER00548,CUST0188,2025-03-31,Canvas Print,33.74
ORDER00113,CUST0133,2025-09-23,Canvas Print,33.85
ORDER00838,CUST0178,2025-04-08,Canvas Print,33.87
ORDER00726,CUST0202,2025-06-11,Canvas Print,33.9
ORDER00717,CUST0183,2025-08-12,Canvas Print,34.0
ORDER00399,CUST0016,2025-05-08,Canvas Print,34.07
ORDER00378,CUST0176,2025-09-01,Canvas Print,34.08
ORDER00705,CUST0012,2025-05-30,Canvas Print,34.08
ORDER00722,CUST0150,2025-02-26,Canvas Print,34.27
ORDER00486,CUST0040,2025-07-03,Canvas Print,34.44
ORDER00725,CUST0131,2025-03-25,Canvas Print,34.52
ORDER00359,CUST0200,2025-10-25,Canvas Print,34.54
ORDER00024,CUST0296,2025-04-09,Canvas Print,34.64
ORDER00994,CUST0119,2025-03-21,Canvas Print,34.67
ORDER00586,CUST0039,2025-12-08,Canvas Print,34.85
ORDER00536,CUST0206,2025-01-13,Canvas Print,34.88
ORDER00713,CUST0238,2025-05-15,Canvas Print,34.88
ORDER00468,CUST0216,2025-08-11,Canvas Print,34.91
ORDER00771,CUST0014,2025-07-16,Canvas Print,34.99
ORDER00366,CUST0047,2025-03-06,Canvas Print,35.02
ORDER00668,CUST0242,2025-06-16,Canvas Print,35.21
ORDER00639,CUST0117,2025-03-05,Canvas Print,35.27
ORDER00502,CUST0115,2025-07-15,Canvas Print,35.28
ORDER00485,CUST0009,2025-11-09,Canvas Print,35.31
ORDER00558,CUST0242,2025-10-20,Canvas Print,35.42
ORDER00857,CUST0136,2025-06-05,Canvas Print,35.43
ORDER00009,CUST0168,2025-03-01,Canvas Print,35.52
ORDER00212,CUST0096,2025-06-11,Canvas Print,35.76
ORDER00271,CUST0293,2025-06-20,Canvas Print,35.85
ORDER00683,CUST0106,2025-09-25,Canvas Print,36.05
ORDER00460,CUST0009,2025-08-04,Canvas Print,36.28
ORDER00659,CUST0076,2025-04-08,Canvas Print,36.64
ORDER00484,CUST0170,2025-07-07,Canvas Print,36.66
ORDER00646,CUST0274,2025-03-27,Canvas Print,36.72
ORDER00270,CUST0215,2025-11-08,Canvas Print,36.77
ORDER00764,CUST0087,2025-02-02,Canvas Print,37.01
ORDER00507,CUST0237,2025-04-11,Canvas Print,37.04
ORDER00516,CUST0169,2025-12-12,Canvas Print,37.4
ORDER00719,CUST0300,2025-07-08,Canvas Print,37.51
ORDER00880,CUST0159,2025-04-28,Canvas Print,37.7
ORDER00257,CUST0009,2025-02-06,Canvas Print,37.8
ORDER00956,CUST0172,2025-09-06,Canvas Print,37.98
ORDER00787,CUST0270,2025-02-10,Canvas Print,38.1
ORDER00141,CUST0075,2025-06-18,Canvas Print,38.15
ORDER00162,CUST0177,2025-12-31,Canvas Print,38.17
ORDER00896,CUST0093,2025-11-02,Canvas Print,38.36
ORDER00932,CUST0157,2025-01-21,Canvas Print,38.54
ORDER00106,CUST0218,2025-08-15,Canvas Print,38.6
ORDER00418,CUST0239,2025-05-14,Canvas Print,38.65
ORDER00384,CUST0014,2025-11-19,Canvas Print,38.76
ORDER00469,CUST0003,2025-06-07,Canvas Print,38.97
ORDER00868,CUST0220,2025-02-14,Canvas Print,39.01
ORDER00605,CUST0058,2025-06-17,Canvas Print,39.11
ORDER00839,CUST0294,2025-12-30,Canvas Print,39.19
ORDER00076,CUST0123,2025-08-30,Canvas Print,39.21
ORDER00459,CUST0177,2025-01-07,Canvas Print,39.28
ORDER00824,CUST0012,2025-07-06,Canvas Print,39.33
ORDER00648,CUST0166,2025-10-26,Canvas Print,39.36
ORDER00061,CUST0042,2025-01-19,Canvas Print,39.41
ORDER00242,CUST0226,2025-07-09,Canvas Print,39.47
ORDER00265,CUST0004,2025-08-30,Canvas Print,39.62
ORDER00185,CUST0114,2025-04-13,Canvas Print,39.81
ORDER00111,CUST0104,2025-03-14,Canvas Print,40.03
ORDER00698,CUST0208,2025-06-07,Canvas Print,40.28
ORDER00159,CUST0156,2025-01-04,Canvas Print,40.28
ORDER00012,CUST0101,2025-01-26,Canvas Print,40.4
ORDER00510,CUST0216,2025-02-08,Canvas Print,40.44
ORDER00070,CUST0289,2025-06-05,Canvas Print,40.51
ORDER00055,CUST0104,2025-12-22,Canvas Print,40.59
ORDER00214,CUST0078,2025-03-05,Canvas Print,40.72
ORDER00871,CUST0073,2025-12-30,Canvas Print,40.75
ORDER00354,CUST0264,2025-08-07,Canvas Print,41.01
ORDER00379,CUST0215,2025-11-12,Canvas Print,41.04
ORDER00314,CUST0055,2025-12-20,Canvas Print,41.23
ORDER00924,CUST0051,2025-03-25,Canvas Print,41.44
ORDER00139,CUST0025,2025-01-01,Canvas Print,41.44
ORDER00664,CUST0092,2025-01-18,Canvas Print,41.45
ORDER00100,CUST0011,2025-03-08,Canvas Print,41.54
ORDER00680,CUST0174,2025-07-16,Canvas Print,41.75
ORDER00050,CUST0143,2025-09-11,Canvas Print,41.96
ORDER00116,CUST0106,2025-12-17,Canvas Print,42.21
ORDER00477,CUST0267,2025-12-08,Canvas Print,42.61
ORDER00493,CUST0176,2025-03-26,Canvas Print,42.75
ORDER00393,CUST0183,2025-06-02,Canvas Print,42.81
ORDER00758,CUST0021,2025-04-21,Canvas Print,42.83
ORDER00211,CUST0291,2025-10-08,Canvas Print,42.84
ORDER00315,CUST0111,2025-07-21,Canvas Print,43.16
ORDER00828,CUST0216,2025-02-02,Canvas Print,43.26
ORDER00287,CUST0219,2025-06-14,Canvas Print,43.73
ORDER00472,CUST0269,2025-02-01,Canvas Print,43.82
ORDER00948,CUST0039,2025-02-19,Canvas Print,43.88
ORDER00695,CUST0251,2025-09-11,Canvas Print,44.06
ORDER00534,CUST0082,2025-09-09,Canvas Print,44.17
ORDER00727,CUST0243,2025-06-26,Canvas Print,44.24
ORDER00413,CUST0245,2025-12-22,Canvas Print,44.33
ORDER00707,CUST0012,2025-06-27,Canvas Print,44.49
ORDER00580,CUST0058,2025-02-06,Canvas Print,44.55
ORDER00793,CUST0276,2025-02-05,Canvas Print,44.56
ORDER00895,CUST0143,2025-11-06,Canvas Print,44.59
ORDER00163,CUST0148,2025-03-13,Canvas Print,44.67
ORDER00264,CUST0235,2025-11-01,Canvas Print,44.91
ORDER00585,CUST0099,2025-12-26,Canvas Print,44.93
ORDER00302,CUST0029,2025-08-30,Canvas Print,44.95
ORDER00187,CUST0166,2025-09-02,Canvas Print,45.37
ORDER00001,CUST0259,2025-02-10,Canvas Print,45.41
ORDER00205,CUST0229,2025-05-05,Canvas Print,45.42
ORDER00617,CUST0060,2025-10-04,Canvas Print,45.44
ORDER00321,CUST0036,2025-02-04,Canvas Print,45.47
ORDER00741,CUST0096,2025-09-06,Canvas Print,45.49
ORDER00059,CUST0067,2025-12-04,Canvas Print,45.5
ORDER00906,CUST0117,2025-02-26,Canvas Print,45.84
ORDER00344,CUST0102,2025-02-06,Canvas Print,45.87
ORDER00014,CUST0265,2025-10-25,Canvas Print,45.9
ORDER00778,CUST0066,2025-09-08,Canvas Print,46.05
ORDER00672,CUST0233,2025-11-19,Canvas Print,46.12
ORDER00862,CUST0147,2025-12-16,Canvas Print,46.24
ORDER00613,CUST0271,2025-05-12,Canvas Print,46.44
ORDER00735,CUST0004,2025-09-10,Canvas Print,46.51
ORDER00127,CUST0110,2025-03-10,Canvas Print,46.56
ORDER00798,CUST0284,2025-09-03,Canvas Print,46.64
ORDER00391,CUST0293,2025-09-17,Canvas Print,46.88
ORDER00376,CUST0007,2025-11-25,Canvas Print,46.89
ORDER00850,CUST0290,2025-03-12,Canvas Print,46.98
ORDER00300,CUST0292,2025-08-15,Canvas Print,46.99
ORDER00401,CUST0227,2025-03-29,Canvas Print,47.1
ORDER00157,CUST0150,2025-01-24,Canvas Print,47.15
ORDER00026,CUST0267,2025-11-21,Canvas Print,47.17
ORDER00530,CUST0023,2025-01-28,Canvas Print,47.19
ORDER00754,CUST0131,2025-01-23,Canvas Print,47.24
ORDER00620,CUST0008,2025-09-16,Canvas Print,47.3
ORDER00198,CUST0178,2025-12-21,Canvas Print,47.53
ORDER00275,CUST0042,2025-05-26,Canvas Print,47.54
ORDER00788,CUST0080,2025-05-10,Canvas Print,47.71
ORDER00290,CUST0268,2025-04-01,Canvas Print,47.85
ORDER00217,CUST0165,2025-04-20,Canvas Print,48.0
ORDER00268,CUST0109,2025-12-06,Flyer,8.01
ORDER00090,CUST0130,2025-05-06,Flyer,8.01
ORDER00696,CUST0007,2025-04-26,Flyer,8.08
ORDER00333,CUST0217,2025-04-06,Flyer,8.09
ORDER00720,CUST0082,2025-10-30,Flyer,8.12
ORDER00274,CUST0128,2025-08-30,Flyer,8.12
ORDER00073,CUST0086,2025-05-20,Flyer,8.12
ORDER00449,CUST0226,2025-08-16,Flyer,8.13
ORDER00243,CUST0053,2025-10-11,Flyer,8.14
ORDER00909,CUST0153,2025-12-08,Flyer,8.14
ORDER00237,CUST0020,2025-05-05,Flyer,8.15
ORDER00584,CUST0004,2025-03-23,Flyer,8.18
ORDER00721,CUST0211,2025-11-04,Flyer,8.21
ORDER00821,CUST0161,2025-12-12,Flyer,8.27
ORDER00298,CUST0193,2025-04-09,Flyer,8.28
ORDER00961,CUST0277,2025-12-09,Flyer,8.31
ORDER00406,CUST0269,2025-04-28,Flyer,8.42
ORDER00411,CUST0039,2025-02-08,Flyer,8.44
ORDER00355,CUST0149,2025-06-10,Flyer,8.48
ORDER00186,CUST0222,2025-06-12,Flyer,8.52
ORDER00112,CUST0171,2025-05-19,Flyer,8.56
ORDER00184,CUST0113,2025-09-13,Flyer,8.59
ORDER00218,CUST0182,2025-06-05,Flyer,8.6
ORDER00692,CUST0178,2025-01-28,Flyer,8.6
ORDER00153,CUST0161,2025-04-08,Flyer,8.66
ORDER00819,CUST0245,2025-03-05,Flyer,8.69
ORDER00115,CUST0127,2025-12-02,Flyer,8.69
ORDER00209,CUST0092,2025-06-07,Flyer,8.71
ORDER00774,CUST0130,2025-12-23,Flyer,8.77
ORDER00923,CUST0203,2025-02-16,Flyer,8.8
ORDER00874,CUST0089,2025-08-18,Flyer,8.82
ORDER00327,CUST0154,2025-12-04,Flyer,8.84
ORDER00886,CUST0082,2025-11-13,Flyer,8.86
ORDER00276,CUST0041,2025-03-10,Flyer,8.88
ORDER00337,CUST0025,2025-06-20,Flyer,8.88
ORDER00689,CUST0041,2025-03-01,Flyer,8.88
ORDER00473,CUST0120,2025-06-25,Flyer,8.89
ORDER00273,CUST0146,2025-03-26,Flyer,9.02
ORDER00332,CUST0129,2025-06-07,Flyer,9.06
ORDER00004,CUST0010,2025-02-14,Flyer,9.07
ORDER00996,CUST0150,2025-12-07,Flyer,9.07
ORDER00684,CUST0123,2025-06-11,Flyer,9.09
ORDER00894,CUST0199,2025-09-07,Flyer,9.13
ORDER00223,CUST0151,2025-05-21,Flyer,9.2
ORDER00183,CUST0194,2025-03-16,Flyer,9.25
ORDER00272,CUST0075,2025-02-06,Flyer,9.25
ORDER00861,CUST0001,2025-07-06,Flyer,9.31
ORDER00783,CUST0287,2025-06-16,Flyer,9.33
ORDER00286,CUST0134,2025-07-11,Flyer,9.33
ORDER00296,CUST0064,2025-05-26,Flyer,9.37
ORDER00654,CUST0267,2025-02-24,Flyer,9.41
ORDER00529,CUST0031,2025-01-31,Flyer,9.42
ORDER00420,CUST0065,2025-10-30,Flyer,9.48
ORDER00846,CUST0157,2025-09-12,Flyer,9.49
ORDER00581,CUST0026,2025-11-24,Flyer,9.51
ORDER00609,CUST0281,2025-04-16,Flyer,9.55
ORDER00568,CUST0192,2025-04-25,Flyer,9.57
ORDER00329,CUST0201,2025-12-18,Flyer,9.61
ORDER00040,CUST0089,2025-07-01,Flyer,9.63
ORDER00973,CUST0208,2025-02-01,Flyer,9.64
ORDER00526,CUST0235,2025-10-02,Flyer,9.66
ORDER00729,CUST0093,2025-07-24,Flyer,9.74
ORDER00671,CUST0289,2025-03-26,Flyer,9.75
ORDER00191,CUST0131,2025-09-10,Flyer,9.78
ORDER00027,CUST0229,2025-07-10,Flyer,9.78
ORDER00142,CUST0294,2025-06-28,Flyer,9.8
ORDER00048,CUST0023,2025-07-31,Flyer,9.8
ORDER00831,CUST0126,2025-05-02,Flyer,9.8
ORDER00260,CUST0281,2025-03-23,Flyer,9.82
ORDER00972,CUST0152,2025-02-25,Flyer,9.84
ORDER00434,CUST0198,2025-09-14,Flyer,9.87
ORDER00600,CUST0021,2025-06-26,Flyer,9.93
ORDER00598,CUST0236,2025-09-26,Flyer,9.98
ORDER00550,CUST0074,2025-05-08,Flyer,9.99
ORDER00246,CUST0202,2025-10-17,Flyer,10.05
ORDER00553,CUST0060,2025-07-25,Flyer,10.09
ORDER00252,CUST0224,2025-10-25,Flyer,10.09
ORDER00545,CUST0233,2025-02-06,Flyer,10.11
ORDER00167,CUST0049,2025-12-13,Flyer,10.12
ORDER00202,CUST0054,2025-02-08,Flyer,10.13
ORDER00176,CUST0286,2025-08-09,Flyer,10.13
ORDER00746,CUST0066,2025-10-23,Flyer,10.14
ORDER00983,CUST0167,2025-02-25,Flyer,10.17
ORDER00662,CUST0080,2025-08-29,Flyer,10.19
ORDER00312,CUST0227,2025-06-17,Flyer,10.2
ORDER00253,CUST0209,2025-03-08,Flyer,10.25
ORDER00072,CUST0196,2025-04-10,Flyer,10.3
ORDER00435,CUST0295,2025-08-01,Flyer,10.32
ORDER00494,CUST0090,2025-02-03,Flyer,10.33
ORDER00807,CUST0207,2025-03-12,Flyer,10.33
ORDER00054,CUST0104,2025-10-11,Flyer,10.36
ORDER00263,CUST0278,2025-12-29,Flyer,10.37
ORDER00234,CUST0234,2025-02-04,Flyer,10.4
ORDER00255,CUST0209,2025-03-30,Flyer,10.42
ORDER00195,CUST0087,2025-04-28,Flyer,10.43
ORDER00504,CUST0056,2025-10-05,Flyer,10.48
ORDER00607,CUST0162,2025-04-22,Flyer,10.49
ORDER00704,CUST0014,2025-05-19,Flyer,10.53
ORDER00913,CUST0300,2025-03-05,Flyer,10.55
ORDER00677,CUST0194,2025-03-22,Flyer,10.56
ORDER00269,CUST0098,2025-04-08,Flyer,10.56
ORDER00513,CUST0092,2025-01-03,Flyer,10.57
ORDER00107,CUST0141,2025-07-18,Flyer,10.58
ORDER00284,CUST0027,2025-02-11,Flyer,10.58
ORDER00096,CUST0299,2025-10-10,Flyer,10.66
ORDER00438,CUST0226,2025-10-11,Flyer,10.67
ORDER00387,CUST0108,2025-03-21,Flyer,10.7
ORDER00074,CUST0010,2025-07-27,Flyer,10.7
ORDER00784,CUST0010,2025-10-06,Flyer,10.71
ORDER00030,CUST0291,2025-12-18,Flyer,10.71
ORDER00823,CUST0206,2025-02-18,Flyer,10.78
ORDER00086,CUST0261,2025-12-22,Flyer,10.87
ORDER00419,CUST0266,2025-07-19,Flyer,10.88
ORDER00343,CUST0172,2025-02-02,Flyer,10.88
ORDER00454,CUST0005,2025-01-27,Flyer,10.9
ORDER00422,CUST0003,2025-12-16,Flyer,10.92
ORDER00277,CUST0034,2025-03-31,Flyer,10.94
ORDER00011,CUST0084,2025-09-26,Flyer,10.95
ORDER00679,CUST0090,2025-12-23,Flyer,11.04
ORDER00341,CUST0229,2025-08-28,Flyer,11.04
ORDER00458,CUST0215,2025-05-10,Flyer,11.05
ORDER00844,CUST0129,2025-01-30,Flyer,11.09
ORDER00199,CUST0008,2025-07-25,Flyer,11.09
ORDER00501,CUST0224,2025-07-04,Flyer,11.11
ORDER00005,CUST0261,2025-01-10,Flyer,11.16
ORDER00739,CUST0050,2025-02-12,Flyer,11.19
ORDER00588,CUST0285,2025-04-29,Flyer,11.23
ORDER00636,CUST0009,2025-10-11,Flyer,11.29
ORDER00439,CUST0153,2025-06-16,Flyer,11.29
ORDER00301,CUST0282,2025-08-03,Flyer,11.29
ORDER00650,CUST0011,2025-10-13,Flyer,11.31
ORDER00612,CUST0274,2025-03-01,Flyer,11.39
ORDER00134,CUST0117,2025-05-25,Flyer,11.41
ORDER00463,CUST0241,2025-01-14,Flyer,11.43
ORDER00380,CUST0082,2025-09-11,Flyer,11.47
ORDER00318,CUST0069,2025-06-13,Flyer,11.48
ORDER00912,CUST0293,2025-01-24,Flyer,11.49
ORDER00614,CUST0208,2025-11-04,Flyer,11.51
ORDER00479,CUST0123,2025-08-15,Flyer,11.52
ORDER00303,CUST0149,2025-03-14,Flyer,11.54
ORDER00681,CUST0122,2025-03-23,Flyer,11.58
ORDER00102,CUST0038,2025-01-01,Flyer,11.6
ORDER00594,CUST0084,2025-04-11,Flyer,11.61
ORDER00045,CUST0288,2025-11-20,Flyer,11.63
ORDER00511,CUST0147,2025-07-25,Flyer,11.63
ORDER00445,CUST0148,2025-12-27,Flyer,11.64
ORDER00356,CUST0081,2025-12-23,Flyer,11.67
ORDER00820,CUST0059,2025-06-22,Flyer,11.7
ORDER00522,CUST0155,2025-07-10,Flyer,11.72
ORDER00386,CUST0152,2025-07-21,Flyer,11.75
ORDER00842,CUST0234,2025-08-03,Flyer,11.76
ORDER00937,CUST0144,2025-08-08,Flyer,11.77
ORDER00515,CUST0059,2025-09-25,Flyer,11.79
ORDER00448,CUST0107,2025-06-26,Flyer,11.8
ORDER00703,CUST0188,2025-03-24,Flyer,11.8
ORDER00016,CUST0094,2025-03-10,Flyer,11.82
ORDER00752,CUST0125,2025-01-21,Flyer,11.85
ORDER00804,CUST0120,2025-02-13,Flyer,11.92
ORDER01000,CUST0011,2025-09-28,Flyer,11.94
ORDER00795,CUST0171,2025-08-12,Flyer,11.96
ORDER00608,CUST0163,2025-03-20,Flyer,11.97
ORDER00266,CUST0154,2025-07-11,Flyer,11.98
ORDER00869,CUST0192,2025-09-14,Flyer,11.99
ORDER00042,CUST0295,2025-03-10,Greeting Card,4.01
ORDER00161,CUST0084,2025-12-14,Greeting Card,4.01
ORDER00670,CUST0225,2025-06-14,Greeting Card,4.02
ORDER00559,CUST0219,2025-10-26,Greeting Card,4.03
ORDER00197,CUST0288,2025-09-13,Greeting Card,4.06
ORDER00426,CUST0293,2025-03-23,Greeting Card,4.07
ORDER00456,CUST0054,2025-07-29,Greeting Card,4.08
ORDER00525,CUST0133,2025-06-02,Greeting Card,4.09
ORDER00519,CUST0181,2025-11-11,Greeting Card,4.12
ORDER00240,CUST0256,2025-07-16,Greeting Card,4.12
ORDER00782,CUST0164,2025-05-25,Greeting Card,4.17
ORDER00825,CUST0276,2025-03-30,Greeting Card,4.18
ORDER00194,CUST0162,2025-06-20,Greeting Card,4.18
ORDER00742,CUST0105,2025-11-05,Greeting Card,4.2
ORDER00317,CUST0246,2025-11-26,Greeting Card,4.2
ORDER00802,CUST0204,2025-11-29,Greeting Card,4.21
ORDER00388,CUST0188,2025-03-22,Greeting Card,4.23
ORDER00232,CUST0197,2025-06-27,Greeting Card,4.26
ORDER00462,CUST0020,2025-07-04,Greeting Card,4.26
ORDER00177,CUST0144,2025-02-28,Greeting Card,4.27
ORDER00630,CUST0153,2025-08-01,Greeting Card,4.29
ORDER00917,CUST0021,2025-11-12,Greeting Card,4.29
ORDER00837,CUST0184,2025-01-31,Greeting Card,4.35
ORDER00416,CUST0272,2025-11-04,Greeting Card,4.37
ORDER00342,CUST0108,2025-04-29,Greeting Card,4.38
ORDER00674,CUST0116,2025-06-20,Greeting Card,4.38
ORDER00291,CUST0237,2025-10-14,Greeting Card,4.4
ORDER00808,CUST0108,2025-08-11,Greeting Card,4.41
ORDER00554,CUST0222,2025-05-01,Greeting Card,4.44
ORDER00853,CUST0218,2025-10-11,Greeting Card,4.44
ORDER00755,CUST0237,2025-01-16,Greeting Card,4.45
ORDER00870,CUST0063,2025-12-17,Greeting Card,4.46
ORDER00572,CUST0164,2025-07-22,Greeting Card,4.46
ORDER00351,CUST0012,2025-09-18,Greeting Card,4.47
ORDER00032,CUST0165,2025-04-18,Greeting Card,4.47
ORDER00444,CUST0072,2025-03-08,Greeting Card,4.48
ORDER00046,CUST0179,2025-09-24,Greeting Card,4.48
ORDER00496,CUST0176,2025-09-20,Greeting Card,4.48
ORDER00780,CUST0229,2025-07-12,Greeting Card,4.49
ORDER00835,CUST0039,2025-05-13,Greeting Card,4.5
ORDER00898,CUST0291,2025-06-25,Greeting Card,4.51
ORDER00083,CUST0015,2025-05-26,Greeting Card,4.52
ORDER00039,CUST0042,2025-12-24,Greeting Card,4.54
ORDER00697,CUST0084,2025-11-27,Greeting Card,4.54
ORDER00398,CUST0161,2025-01-01,Greeting Card,4.56
ORDER00060,CUST0179,2025-05-24,Greeting Card,4.57
ORDER00330,CUST0296,2025-11-16,Greeting Card,4.59
ORDER00311,CUST0232,2025-12-07,Greeting Card,4.61
ORDER00749,CUST0243,2025-12-22,Greeting Card,4.62
ORDER00993,CUST0161,2025-01-28,Greeting Card,4.62
ORDER00731,CUST0213,2025-08-08,Greeting Card,4.62
ORDER00959,CUST0141,2025-06-30,Greeting Card,4.64
ORDER00905,CUST0282,2025-05-10,Greeting Card,4.67
ORDER00023,CUST0001,2025-08-03,Greeting Card,4.68
ORDER00967,CUST0010,2025-06-07,Greeting Card,4.69
ORDER00206,CUST0067,2025-02-20,Greeting Card,4.71
ORDER00235,CUST0195,2025-05-19,Greeting Card,4.71
ORDER00188,CUST0132,2025-06-21,Greeting Card,4.74
ORDER00133,CUST0202,2025-08-09,Greeting Card,4.77
ORDER00466,CUST0062,2025-01-24,Greeting Card,4.77
ORDER00546,CUST0017,2025-12-05,Greeting Card,4.78
ORDER00150,CUST0025,2025-11-28,Greeting Card,4.79
ORDER00126,CUST0101,2025-02-08,Greeting Card,4.8
ORDER00551,CUST0233,2025-06-11,Greeting Card,4.81
ORDER00103,CUST0134,2025-03-18,Greeting Card,4.81
ORDER00135,CUST0154,2025-11-14,Greeting Card,4.81
ORDER00969,CUST0125,2025-11-03,Greeting Card,4.83
ORDER00902,CUST0265,2025-08-20,Greeting Card,4.85
ORDER00748,CUST0295,2025-11-22,Greeting Card,4.86
ORDER00624,CUST0050,2025-06-04,Greeting Card,4.86
ORDER00631,CUST0222,2025-10-29,Greeting Card,4.86
ORDER00777,CUST0028,2025-07-08,Greeting Card,4.86
ORDER00573,CUST0251,2025-08-10,Greeting Card,4.92
ORDER00236,CUST0119,2025-03-03,Greeting Card,4.92
ORDER00657,CUST0088,2025-12-13,Greeting Card,4.93
ORDER00053,CUST0225,2025-07-22,Greeting Card,4.95
ORDER00403,CUST0034,2025-12-27,Greeting Card,4.95
ORDER00190,CUST0055,2025-03-31,Greeting Card,4.95
ORDER00249,CUST0059,2025-03-07,Greeting Card,4.98
ORDER00893,CUST0076,2025-05-05,Greeting Card,4.99
ORDER00523,CUST0188,2025-06-29,Greeting Card,4.99
ORDER00859,CUST0076,2025-01-11,Greeting Card,5.0
ORDER00762,CUST0100,2025-12-03,Greeting Card,5.0
ORDER00744,CUST0117,2025-10-16,Greeting Card,5.0
ORDER00915,CUST0271,2025-11-24,Greeting Card,5.0
ORDER00407,CUST0141,2025-04-18,Greeting Card,5.0
ORDER00733,CUST0024,2025-06-04,Greeting Card,5.01
ORDER00282,CUST0087,2025-01-13,Greeting Card,5.05
ORDER00123,CUST0214,2025-06-01,Greeting Card,5.06
ORDER00663,CUST0086,2025-03-28,Greeting Card,5.06
ORDER00137,CUST0063,2025-12-11,Greeting Card,5.09
ORDER00193,CUST0266,2025-02-03,Greeting Card,5.09
ORDER00638,CUST0214,2025-12-08,Greeting Card,5.09
ORDER00481,CUST0137,2025-06-09,Greeting Card,5.09
ORDER00239,CUST0293,2025-10-14,Greeting Card,5.1
ORDER00815,CUST0001,2025-12-03,Greeting Card,5.1
ORDER00826,CUST0181,2025-05-01,Greeting Card,5.11
ORDER00805,CUST0044,2025-12-20,Greeting Card,5.11
ORDER00170,CUST0141,2025-09-26,Greeting Card,5.12
ORDER00538,CUST0012,2025-08-03,Greeting Card,5.12
ORDER00706,CUST0087,2025-06-07,Greeting Card,5.12
ORDER00381,CUST0223,2025-09-08,Greeting Card,5.14
ORDER00610,CUST0280,2025-04-18,Greeting Card,5.15
ORDER00990,CUST0049,2025-03-19,Greeting Card,5.16
ORDER00371,CUST0282,2025-07-03,Greeting Card,5.17
ORDER00642,CUST0205,2025-06-29,Greeting Card,5.19
ORDER00887,CUST0279,2025-11-27,Greeting Card,5.19
ORDER00369,CUST0016,2025-02-11,Greeting Card,5.19
ORDER00922,CUST0292,2025-06-20,Greeting Card,5.2
ORDER00044,CUST0014,2025-03-14,Greeting Card,5.21
ORDER00779,CUST0163,2025-02-19,Greeting Card,5.21
ORDER00740,CUST0177,2025-02-06,Greeting Card,5.23
ORDER00532,CUST0158,2025-02-12,Greeting Card,5.24
ORDER00845,CUST0264,2025-04-18,Greeting Card,5.25
ORDER00848,CUST0086,2025-09-21,Greeting Card,5.25
ORDER00768,CUST0293,2025-07-07,Greeting Card,5.26
ORDER00348,CUST0044,2025-07-10,Greeting Card,5.27
ORDER00297,CUST0130,2025-04-17,Greeting Card,5.27
ORDER00644,CUST0072,2025-03-05,Greeting Card,5.27
ORDER00029,CUST0286,2025-10-10,Greeting Card,5.28
ORDER00858,CUST0232,2025-08-27,Greeting Card,5.33
ORDER00326,CUST0201,2025-11-03,Greeting Card,5.33
ORDER00082,CUST0184,2025-05-31,Greeting Card,5.34
ORDER00319,CUST0289,2025-08-03,Greeting Card,5.36
ORDER00433,CUST0061,2025-02-27,Greeting Card,5.36
ORDER00520,CUST0170,2025-02-02,Greeting Card,5.38
ORDER00488,CUST0261,2025-02-07,Greeting Card,5.42
ORDER00091,CUST0095,2025-12-10,Greeting Card,5.44
ORDER00974,CUST0049,2025-12-31,Greeting Card,5.44
ORDER00652,CUST0289,2025-05-09,Greeting Card,5.45
ORDER00503,CUST0186,2025-04-08,Greeting Card,5.45
ORDER00854,CUST0114,2025-12-15,Greeting Card,5.45
ORDER00080,CUST0228,2025-05-08,Greeting Card,5.46
ORDER00562,CUST0012,2025-12-31,Greeting Card,5.46
ORDER00790,CUST0266,2025-06-13,Greeting Card,5.47
ORDER00238,CUST0261,2025-09-21,Greeting Card,5.49
ORDER00105,CUST0023,2025-04-11,Greeting Card,5.5
ORDER00618,CUST0145,2025-03-15,Greeting Card,5.5
ORDER00690,CUST0204,2025-10-13,Greeting Card,5.52
ORDER00278,CUST0017,2025-12-23,Greeting Card,5.53
ORDER00635,CUST0228,2025-05-20,Greeting Card,5.53
ORDER00901,CUST0110,2025-07-31,Greeting Card,5.54
ORDER00792,CUST0133,2025-09-01,Greeting Card,5.56
ORDER00440,CUST0199,2025-02-24,Greeting Card,5.56
ORDER00789,CUST0093,2025-07-09,Greeting Card,5.57
ORDER00936,CUST0136,2025-04-28,Greeting Card,5.57
ORDER00918,CUST0107,2025-05-30,Greeting Card,5.57
ORDER00289,CUST0098,2025-02-06,Greeting Card,5.59
ORDER00225,CUST0147,2025-03-02,Greeting Card,5.59
ORDER00965,CUST0009,2025-11-05,Greeting Card,5.59
ORDER00097,CUST0283,2025-09-22,Greeting Card,5.6
ORDER00583,CUST0285,2025-03-30,Greeting Card,5.61
ORDER00866,CUST0069,2025-12-25,Greeting Card,5.63
ORDER00067,CUST0157,2025-07-17,Greeting Card,5.63
ORDER00285,CUST0287,2025-10-05,Greeting Card,5.64
ORDER00346,CUST0275,2025-02-23,Greeting Card,5.64
ORDER00069,CUST0097,2025-05-09,Greeting Card,5.64
ORDER00876,CUST0269,2025-11-07,Greeting Card,5.64
ORDER00655,CUST0214,2025-03-13,Greeting Card,5.65
ORDER00361,CUST0089,2025-08-06,Greeting Card,5.65
ORDER00482,CUST0195,2025-10-22,Greeting Card,5.66
ORDER00092,CUST0115,2025-04-05,Greeting Card,5.66
ORDER00629,CUST0015,2025-07-09,Greeting Card,5.68
ORDER00633,CUST0273,2025-04-15,Greeting Card,5.69
ORDER00506,CUST0040,2025-04-26,Greeting Card,5.69
ORDER00577,CUST0033,2025-10-04,Greeting Card,5.71
ORDER00229,CUST0188,2025-09-20,Greeting Card,5.71
ORDER00865,CUST0053,2025-06-26,Greeting Card,5.72
ORDER00539,CUST0295,2025-07-06,Greeting Card,5.73
ORDER00979,CUST0152,2025-04-21,Greeting Card,5.73
ORDER00071,CUST0254,2025-12-13,Greeting Card,5.76
ORDER00109,CUST0210,2025-12-10,Greeting Card,5.78
ORDER00505,CUST0040,2025-03-31,Greeting Card,5.79
ORDER00960,CUST0118,2025-11-30,Greeting Card,5.81
ORDER00382,CUST0103,2025-12-05,Greeting Card,5.81
ORDER00231,CUST0002,2025-05-16,Greeting Card,5.81
ORDER00020,CUST0137,2025-10-09,Greeting Card,5.82
ORDER00944,CUST0090,2025-03-29,Greeting Card,5.85
ORDER00765,CUST0298,2025-01-10,Greeting Card,5.87
ORDER00566,CUST0210,2025-05-05,Greeting Card,5.91
ORDER00087,CUST0157,2025-08-06,Greeting Card,5.91
ORDER00531,CUST0160,2025-02-22,Greeting Card,5.92
ORDER00244,CUST0280,2025-03-26,Greeting Card,5.94
ORDER00615,CUST0027,2025-11-28,Greeting Card,5.95
ORDER00200,CUST0247,2025-08-21,Greeting Card,5.96
ORDER00292,CUST0173,2025-10-03,Greeting Card,5.99
ORDER00192,CUST0288,2025-04-08,Greeting Card,5.99
ORDER00405,CUST0247,2025-08-31,Greeting Card,6.0
ORDER00294,CUST0122,2025-09-05,Photo Book,20.02
ORDER00843,CUST0008,2025-11-04,Photo Book,20.07
ORDER00943,CUST0132,2025-08-15,Photo Book,20.08
ORDER00931,CUST0027,2025-06-23,Photo Book,20.11
ORDER00799,CUST0121,2025-07-06,Photo Book,20.11
ORDER00736,CUST0220,2025-08-09,Photo Book,20.16
ORDER00772,CUST0231,2025-09-01,Photo Book,20.2
ORDER00149,CUST0152,2025-04-19,Photo Book,20.27
ORDER00879,CUST0077,2025-07-10,Photo Book,20.3
ORDER00280,CUST0153,2025-04-09,Photo Book,20.31
ORDER00643,CUST0209,2025-06-07,Photo Book,20.33
ORDER00603,CUST0147,2025-01-12,Photo Book,20.33
ORDER00013,CUST0273,2025-02-07,Photo Book,20.33
ORDER00338,CUST0039,2025-12-06,Photo Book,20.34
ORDER00882,CUST0102,2025-08-29,Photo Book,20.77
ORDER00019,CUST0236,2025-07-15,Photo Book,20.82
ORDER00247,CUST0158,2025-05-17,Photo Book,20.94
ORDER00178,CUST0019,2025-02-23,Photo Book,20.99
ORDER00320,CUST0250,2025-08-12,Photo Book,21.13
ORDER00991,CUST0108,2025-12-16,Photo Book,21.18
ORDER00751,CUST0246,2025-05-20,Photo Book,21.18
ORDER00543,CUST0155,2025-06-14,Photo Book,21.37
ORDER00022,CUST0035,2025-05-10,Photo Book,21.38
ORDER00621,CUST0079,2025-10-07,Photo Book,21.48
ORDER00228,CUST0285,2025-08-06,Photo Book,21.48
ORDER00770,CUST0111,2025-02-25,Photo Book,21.63
ORDER00203,CUST0249,2025-02-20,Photo Book,21.68
ORDER00806,CUST0156,2025-01-19,Photo Book,21.9
ORDER00669,CUST0002,2025-04-12,Photo Book,22.04
ORDER00220,CUST0007,2025-05-16,Photo Book,22.07
ORDER00179,CUST0018,2025-06-20,Photo Book,22.09
ORDER00928,CUST0275,2025-12-03,Photo Book,22.1
ORDER00339,CUST0291,2025-08-06,Photo Book,22.15
ORDER00952,CUST0298,2025-09-13,Photo Book,22.16
ORDER00129,CUST0001,2025-11-04,Photo Book,22.16
ORDER00322,CUST0239,2025-08-10,Photo Book,22.42
ORDER00589,CUST0157,2025-12-11,Photo Book,22.54
ORDER00453,CUST0262,2025-12-17,Photo Book,22.67
ORDER00957,CUST0173,2025-03-16,Photo Book,22.71
ORDER00036,CUST0132,2025-04-23,Photo Book,22.72
ORDER00606,CUST0015,2025-11-06,Photo Book,22.76
ORDER00929,CUST0290,2025-02-18,Photo Book,22.81
ORDER00353,CUST0216,2025-11-17,Photo Book,22.9
ORDER00982,CUST0060,2025-09-21,Photo Book,22.97
ORDER00352,CUST0080,2025-03-07,Photo Book,23.03
ORDER00796,CUST0001,2025-09-30,Photo Book,23.25
ORDER00451,CUST0241,2025-03-05,Photo Book,23.3
ORDER00470,CUST0160,2025-01-07,Photo Book,23.32
ORDER00890,CUST0213,2025-10-30,Photo Book,23.33
ORDER00686,CUST0262,2025-10-23,Photo Book,23.37
ORDER00158,CUST0154,2025-08-10,Photo Book,23.4
ORDER00984,CUST0202,2025-09-19,Photo Book,23.45
ORDER00563,CUST0193,2025-01-22,Photo Book,23.55
ORDER00666,CUST0161,2025-05-21,Photo Book,23.62
ORDER00467,CUST0145,2025-05-03,Photo Book,23.68
ORDER00829,CUST0251,2025-11-07,Photo Book,23.73
ORDER00408,CUST0274,2025-09-21,Photo Book,23.85
ORDER00734,CUST0293,2025-10-07,Photo Book,23.87
ORDER00773,CUST0084,2025-07-25,Photo Book,23.91
ORDER00427,CUST0153,2025-07-26,Photo Book,23.95
ORDER00064,CUST0157,2025-11-01,Photo Book,23.97
ORDER00925,CUST0271,2025-02-18,Photo Book,24.08
ORDER00775,CUST0231,2025-06-23,Photo Book,24.12
ORDER00537,CUST0077,2025-06-04,Photo Book,24.59
ORDER00968,CUST0121,2025-01-13,Photo Book,24.62
ORDER00350,CUST0057,2025-07-13,Photo Book,24.63
ORDER00047,CUST0125,2025-04-15,Photo Book,24.7
ORDER00051,CUST0153,2025-11-13,Photo Book,24.7
ORDER00540,CUST0224,2025-04-12,Photo Book,24.81
ORDER00010,CUST0130,2025-06-02,Photo Book,24.88
ORDER00210,CUST0264,2025-12-23,Photo Book,25.07
ORDER00599,CUST0092,2025-03-25,Photo Book,25.13
ORDER00897,CUST0224,2025-02-18,Photo Book,25.14
ORDER00587,CUST0271,2025-02-16,Photo Book,25.15
ORDER00656,CUST0179,2025-12-27,Photo Book,25.16
ORDER00964,CUST0026,2025-06-10,Photo Book,25.22
ORDER00349,CUST0017,2025-04-09,Photo Book,25.26
ORDER00497,CUST0284,2025-11-03,Photo Book,25.31
ORDER00441,CUST0052,2025-09-13,Photo Book,25.44
ORDER00347,CUST0101,2025-05-09,Photo Book,25.55
ORDER00500,CUST0040,2025-10-01,Photo Book,25.61
ORDER00830,CUST0299,2025-10-25,Photo Book,25.64
ORDER00390,CUST0131,2025-10-19,Photo Book,25.65
ORDER00476,CUST0098,2025-10-06,Photo Book,25.68
ORDER00475,CUST0068,2025-06-05,Photo Book,25.71
ORDER00464,CUST0061,2025-04-02,Photo Book,25.75
ORDER00143,CUST0210,2025-12-21,Photo Book,25.79
ORDER00216,CUST0120,2025-12-22,Photo Book,25.83
ORDER00833,CUST0285,2025-05-13,Photo Book,25.84
ORDER00888,CUST0129,2025-01-16,Photo Book,25.95
ORDER00794,CUST0264,2025-10-03,Photo Book,26.01
ORDER00578,CUST0134,2025-03-23,Photo Book,26.03
ORDER00955,CUST0263,2025-03-31,Photo Book,26.32
ORDER00283,CUST0117,2025-02-20,Photo Book,26.33
ORDER00412,CUST0029,2025-07-21,Photo Book,26.34
ORDER00601,CUST0084,2025-01-14,Photo Book,26.35
ORDER00154,CUST0177,2025-09-22,Photo Book,26.46
ORDER00498,CUST0081,2025-11-15,Photo Book,26.51
ORDER00875,CUST0176,2025-07-14,Photo Book,26.54
ORDER00728,CUST0035,2025-04-25,Photo Book,26.71
ORDER00084,CUST0157,2025-06-24,Photo Book,26.75
ORDER00443,CUST0059,2025-03-06,Photo Book,26.88
ORDER00816,CUST0119,2025-07-19,Photo Book,26.9
ORDER00122,CUST0297,2025-10-25,Photo Book,26.95
ORDER00564,CUST0022,2025-06-04,Photo Book,26.98
ORDER00708,CUST0025,2025-12-15,Photo Book,27.08
ORDER00208,CUST0097,2025-03-09,Photo Book,27.09
ORDER00930,CUST0052,2025-07-21,Photo Book,27.13
ORDER00088,CUST0047,2025-06-04,Photo Book,27.21
ORDER00939,CUST0158,2025-06-13,Photo Book,27.21
ORDER00986,CUST0164,2025-05-30,Photo Book,27.32
ORDER00222,CUST0161,2025-09-19,Photo Book,27.35
ORDER00430,CUST0140,2025-04-06,Photo Book,27.37
ORDER00856,CUST0026,2025-01-16,Photo Book,27.39
ORDER00813,CUST0282,2025-10-05,Photo Book,27.4
ORDER00117,CUST0092,2025-12-31,Photo Book,27.41
ORDER00248,CUST0120,2025-09-03,Photo Book,27.55
ORDER00528,CUST0249,2025-07-21,Photo Book,27.61
ORDER00156,CUST0063,2025-06-30,Photo Book,27.62
ORDER00574,CUST0227,2025-05-24,Photo Book,27.81
ORDER00737,CUST0020,2025-04-25,Photo Book,27.82
ORDER00367,CUST0288,2025-04-03,Photo Book,27.83
ORDER00921,CUST0281,2025-01-05,Photo Book,27.85
ORDER00954,CUST0084,2025-02-02,Photo Book,27.86
ORDER00033,CUST0005,2025-05-06,Photo Book,27.87
ORDER00910,CUST0012,2025-07-30,Photo Book,27.87
ORDER00904,CUST0085,2025-11-14,Photo Book,28.0
ORDER00864,CUST0142,2025-06-01,Photo Book,28.07
ORDER00761,CUST0008,2025-08-14,Photo Book,28.16
ORDER00131,CUST0149,2025-07-12,Photo Book,28.17
ORDER00682,CUST0143,2025-11-11,Photo Book,28.18
ORDER00121,CUST0296,2025-04-20,Photo Book,28.2
ORDER00940,CUST0146,2025-09-10,Photo Book,28.26
ORDER00207,CUST0051,2025-11-01,Photo Book,28.27
ORDER00561,CUST0017,2025-07-30,Photo Book,28.29
ORDER00335,CUST0104,2025-11-05,Photo Book,28.42
ORDER00766,CUST0014,2025-12-08,Photo Book,28.51
ORDER00056,CUST0039,2025-10-05,Photo Book,28.54
ORDER00328,CUST0073,2025-05-10,Photo Book,28.63
ORDER00396,CUST0004,2025-04-01,Photo Book,28.76
ORDER00891,CUST0143,2025-04-02,Photo Book,28.85
ORDER00259,CUST0237,2025-07-09,Photo Book,28.94
ORDER00660,CUST0046,2025-04-21,Photo Book,29.31
ORDER00776,CUST0145,2025-06-09,Photo Book,29.35
ORDER00852,CUST0119,2025-11-11,Photo Book,29.4
ORDER00797,CUST0064,2025-10-12,Photo Book,29.41
ORDER00383,CUST0273,2025-04-21,Photo Book,29.43
ORDER00552,CUST0224,2025-12-06,Photo Book,29.53
ORDER00597,CUST0195,2025-06-22,Photo Book,29.55
ORDER00509,CUST0262,2025-04-27,Photo Book,29.82
ORDER00687,CUST0073,2025-04-04,Photo Book,30.0
ORDER00836,CUST0223,2025-04-03,Poster,12.01
ORDER00560,CUST0192,2025-08-12,Poster,12.09
ORDER00017,CUST0095,2025-03-29,Poster,12.15
ORDER00093,CUST0243,2025-11-14,Poster,12.24
ORDER00295,CUST0046,2025-04-11,Poster,12.26
ORDER00075,CUST0005,2025-10-16,Poster,12.27
ORDER00847,CUST0005,2025-11-21,Poster,12.3
ORDER00267,CUST0029,2025-03-19,Poster,12.36
ORDER00492,CUST0251,2025-07-07,Poster,12.36
ORDER00665,CUST0148,2025-05-31,Poster,12.37
ORDER00785,CUST0195,2025-01-04,Poster,12.43
ORDER00763,CUST0240,2025-10-13,Poster,12.43
ORDER00465,CUST0178,2025-03-23,Poster,12.46
ORDER00375,CUST0117,2025-07-04,Poster,12.5
ORDER00305,CUST0296,2025-03-07,Poster,12.63
ORDER00738,CUST0152,2025-02-05,Poster,12.75
ORDER00685,CUST0009,2025-07-29,Poster,12.75
ORDER00031,CUST0213,2025-12-28,Poster,12.79
ORDER00394,CUST0039,2025-10-07,Poster,12.83
ORDER00324,CUST0227,2025-08-30,Poster,12.87
ORDER00331,CUST0017,2025-04-20,Poster,12.91
ORDER00114,CUST0293,2025-07-25,Poster,12.93
ORDER00712,CUST0055,2025-07-13,Poster,12.95
ORDER00172,CUST0211,2025-10-13,Poster,13.0
ORDER00709,CUST0243,2025-12-04,Poster,13.03
ORDER00557,CUST0196,2025-06-04,Poster,13.06
ORDER00903,CUST0003,2025-06-14,Poster,13.24
ORDER00063,CUST0111,2025-10-25,Poster,13.31
ORDER00461,CUST0099,2025-10-14,Poster,13.32
ORDER00623,CUST0174,2025-09-22,Poster,13.35
ORDER00524,CUST0007,2025-12-04,Poster,13.38
ORDER00958,CUST0047,2025-07-04,Poster,13.39
ORDER00995,CUST0149,2025-09-15,Poster,13.46
ORDER00590,CUST0075,2025-05-04,Poster,13.47
ORDER00769,CUST0041,2025-04-10,Poster,13.49
ORDER00008,CUST0013,2025-02-10,Poster,13.51
ORDER00395,CUST0015,2025-12-20,Poster,13.53
ORDER00035,CUST0062,2025-05-08,Poster,13.58
ORDER00699,CUST0022,2025-10-22,Poster,13.61
ORDER00363,CUST0143,2025-08-14,Poster,13.63
ORDER00308,CUST0113,2025-11-21,Poster,13.68
ORDER00002,CUST0161,2025-10-14,Poster,13.71
ORDER00900,CUST0267,2025-06-26,Poster,13.75
ORDER00224,CUST0085,2025-05-02,Poster,13.95
ORDER00373,CUST0250,2025-12-08,Poster,14.04
ORDER00471,CUST0227,2025-12-16,Poster,14.05
ORDER00963,CUST0220,2025-12-05,Poster,14.09
ORDER00781,CUST0261,2025-08-29,Poster,14.14
ORDER00702,CUST0297,2025-05-10,Poster,14.17
ORDER00189,CUST0264,2025-04-20,Poster,14.25
ORDER00693,CUST0084,2025-03-15,Poster,14.28
ORDER00892,CUST0065,2025-11-13,Poster,14.3
ORDER00975,CUST0154,2025-05-12,Poster,14.31
ORDER00079,CUST0159,2025-07-09,Poster,14.34
ORDER00661,CUST0160,2025-09-12,Poster,14.35
ORDER00182,CUST0175,2025-05-16,Poster,14.37
ORDER00565,CUST0120,2025-10-07,Poster,14.37
ORDER00457,CUST0047,2025-05-07,Poster,14.39
ORDER00306,CUST0011,2025-12-02,Poster,14.39
ORDER00364,CUST0059,2025-10-07,Poster,14.41
ORDER00634,CUST0236,2025-01-29,Poster,14.41
ORDER00688,CUST0223,2025-11-07,Poster,14.43
ORDER00911,CUST0133,2025-06-18,Poster,14.47
ORDER00694,CUST0111,2025-05-04,Poster,14.49
ORDER00611,CUST0012,2025-08-09,Poster,14.49
ORDER00985,CUST0146,2025-08-01,Poster,14.49
ORDER00340,CUST0131,2025-10-14,Poster,14.5
ORDER00919,CUST0117,2025-11-24,Poster,14.52
ORDER00885,CUST0019,2025-06-01,Poster,14.55
ORDER00977,CUST0068,2025-05-21,Poster,14.58
ORDER00945,CUST0263,2025-08-03,Poster,14.66
ORDER00711,CUST0147,2025-01-20,Poster,14.69
ORDER00926,CUST0277,2025-06-15,Poster,14.82
ORDER00410,CUST0227,2025-12-23,Poster,14.86
ORDER00701,CUST0127,2025-06-15,Poster,14.89
ORDER00920,CUST0124,2025-01-06,Poster,15.0
ORDER00152,CUST0198,2025-11-12,Poster,15.07
ORDER00834,CUST0185,2025-10-17,Poster,15.15
ORDER00118,CUST0287,2025-06-03,Poster,15.18
ORDER00980,CUST0019,2025-08-26,Poster,15.19
ORDER00691,CUST0264,2025-04-12,Poster,15.25
ORDER00803,CUST0165,2025-07-04,Poster,15.29
ORDER00478,CUST0105,2025-02-07,Poster,15.29
ORDER00336,CUST0042,2025-02-06,Poster,15.29
ORDER00101,CUST0254,2025-03-15,Poster,15.3
ORDER00582,CUST0226,2025-12-22,Poster,15.31
ORDER00417,CUST0236,2025-02-10,Poster,15.31
ORDER00946,CUST0108,2025-05-16,Poster,15.32
ORDER00626,CUST0181,2025-03-11,Poster,15.38
ORDER00999,CUST0160,2025-10-21,Poster,15.43
ORDER00006,CUST0138,2025-05-07,Poster,15.44
ORDER00169,CUST0224,2025-08-12,Poster,15.48
ORDER00334,CUST0061,2025-12-15,Poster,15.5
ORDER00233,CUST0011,2025-03-23,Poster,15.56
ORDER00818,CUST0198,2025-05-23,Poster,15.57
ORDER00164,CUST0118,2025-08-10,Poster,15.58
ORDER00110,CUST0111,2025-11-27,Poster,15.59
ORDER00855,CUST0145,2025-12-03,Poster,15.7
ORDER00759,CUST0225,2025-05-23,Poster,15.75
ORDER00814,CUST0285,2025-01-07,Poster,15.78
ORDER00313,CUST0098,2025-10-30,Poster,15.79
ORDER00989,CUST0175,2025-02-20,Poster,15.81
ORDER00724,CUST0059,2025-01-03,Poster,15.99
ORDER00832,CUST0217,2025-08-07,Poster,16.03
ORDER00480,CUST0029,2025-07-11,Poster,16.05
ORDER00400,CUST0108,2025-03-04,Poster,16.06
ORDER00622,CUST0027,2025-03-24,Poster,16.08
ORDER00309,CUST0187,2025-06-25,Poster,16.12
ORDER00521,CUST0191,2025-08-28,Poster,16.14
ORDER00018,CUST0069,2025-09-04,Poster,16.17
ORDER00304,CUST0267,2025-05-13,Poster,16.2
ORDER00873,CUST0169,2025-11-25,Poster,16.21
ORDER00325,CUST0244,2025-03-26,Poster,16.26
ORDER00230,CUST0082,2025-02-05,Poster,16.27
ORDER00368,CUST0266,2025-07-30,Poster,16.29
ORDER00753,CUST0268,2025-03-24,Poster,16.29
ORDER00362,CUST0268,2025-02-21,Poster,16.33
ORDER00307,CUST0164,2025-04-24,Poster,16.34
ORDER00676,CUST0103,2025-11-13,Poster,16.39
ORDER00450,CUST0218,2025-02-03,Poster,16.42
ORDER00978,CUST0050,2025-11-25,Poster,16.44
ORDER00860,CUST0289,2025-08-08,Poster,16.46
ORDER00653,CUST0102,2025-09-07,Poster,16.64
ORDER00570,CUST0285,2025-06-20,Poster,16.64
ORDER00221,CUST0263,2025-07-04,Poster,16.69
ORDER00757,CUST0040,2025-12-20,Poster,16.85
ORDER00219,CUST0223,2025-04-08,Poster,16.9
ORDER00951,CUST0241,2025-09-26,Poster,16.97
ORDER00119,CUST0051,2025-08-19,Poster,16.97
ORDER00213,CUST0088,2025-06-12,Poster,16.98
ORDER00579,CUST0079,2025-01-07,Poster,17.01
ORDER00392,CUST0171,2025-08-14,Poster,17.07
ORDER00166,CUST0189,2025-02-15,Poster,17.08
ORDER00718,CUST0288,2025-06-29,Poster,17.1
ORDER00569,CUST0175,2025-02-07,Poster,17.13
ORDER00415,CUST0185,2025-02-15,Poster,17.15
ORDER00138,CUST0244,2025-04-27,Poster,17.17
ORDER00281,CUST0076,2025-02-23,Poster,17.23
ORDER00094,CUST0292,2025-08-27,Poster,17.23
ORDER00081,CUST0216,2025-08-22,Poster,17.29
ORDER00966,CUST0271,2025-09-17,Poster,17.31
ORDER00041,CUST0296,2025-09-15,Poster,17.35
ORDER00541,CUST0013,2025-10-22,Poster,17.39
ORDER00632,CUST0206,2025-04-30,Poster,17.42
ORDER00878,CUST0245,2025-10-20,Poster,17.47
ORDER00883,CUST0132,2025-03-06,Poster,17.47
ORDER00907,CUST0221,2025-11-27,Poster,17.49
ORDER00556,CUST0278,2025-08-05,Poster,17.52
ORDER00180,CUST0257,2025-07-16,Poster,17.55
ORDER00279,CUST0165,2025-02-27,Poster,17.58
ORDER00489,CUST0226,2025-08-16,Poster,17.62
ORDER00374,CUST0270,2025-04-18,Poster,17.64
ORDER00034,CUST0078,2025-07-28,Poster,17.82
ORDER00431,CUST0187,2025-03-26,Poster,17.85
ORDER00801,CUST0175,2025-09-30,Poster,17.86
ORDER00038,CUST0237,2025-10-29,Poster,17.9
ORDER00495,CUST0037,2025-07-14,Poster,17.94
ORDER00596,CUST0027,2025-06-08,Poster,17.94
ORDER00120,CUST0029,2025-02-06,Poster,17.95